Canonical,Team,Numbers,Variations
William Yoakum,Bristol Flyers,3,William Yoakum
Zachary Anderson,Bristol Flyers,4,Zachary Anderson
Cameron Holden,Bristol Flyers,7,Cameron Holden
Owen Mccormack,Bristol Flyers,13,Owen Mccormack
Joseph Anderson,Bristol Flyers,22,Joseph Anderson
Jonathan Brown,Bristol Flyers,9,Jonathan Brown
Marcus Delpeche,Bristol Flyers,21,Marcus Delpeche
Milos Dugalic,Bristol Flyers,25,Milos Dugalic
Pasquale Landolfi,Bristol Flyers,40,Pasquale Landolfi
Darnell Brodie,Bristol Flyers,51,Darnell Brodie
Dirk Williams,B. Braun Sheffield Sharks,1,Dirk Williams
Prentiss Nixon,B. Braun Sheffield Sharks,2,Prentiss Nixon
William Lee,B. Braun Sheffield Sharks,4,William Lee
Jordan Ratinho,B. Braun Sheffield Sharks,9,Jordan Ratinho
Jalen Deloach,B. Braun Sheffield Sharks,23,Jalen Deloach
Rodney Chatman Iii,B. Braun Sheffield Sharks,3,Rodney Chatman Iii
Mervin James,B. Braun Sheffield Sharks,5,Mervin James
Reyad West,B. Braun Sheffield Sharks,6,Reyad West
Rodney Glasgow Jr,B. Braun Sheffield Sharks,11,Rodney Glasgow Jr
Mike Ochereobia,B. Braun Sheffield Sharks,15,Mike Ochereobia
Nick Kern Jr,B. Braun Sheffield Sharks,24,Nick Kern Jr
Travis Evee,Leicester Riders,3,Travis Evee
Emmanuel Akot,Leicester Riders,9,Emmanuel Akot
Spencer Johnson,Leicester Riders,20,Spencer Johnson
Nathaniel Martin,Leicester Riders,41,Nathaniel Martin
Oscar Curran,Leicester Riders,0,Oscar Curran
Michael Mitchell Jr,Leicester Riders,1,Michael Mitchell Jr
Duke Shelton,Leicester Riders,2/30,Duke Shelton
Victor Ndoukou,Leicester Riders,25,Victor Ndoukou
Seth Wylie,Leicester Riders,43,Seth Wylie
Flynn Boardman-Raffet,Leicester Riders,77,Flynn Boardman-Raffet
Joel Scott,London Lions,1,Joel Scott
Aaryndeep Rai,London Lions,21,Aaryn Rai; Aaryndeep Rai
Kameron Mcgusty,London Lions,23,Kameron Mcgusty
Shavar Reynolds Jr,London Lions,33,Shavar Reynolds Jr
Ovie Soko,London Lions,0,Ovie Soko
Ciaran Sandy,London Lions,3,Ciaran Sandy
Morayo Soluade,London Lions,6,Morayo Soluade
Ethan Price,London Lions,10,Ethan Price
Tarik Phillip,London Lions,22,Tarik Phillip
Deane Williams,London Lions,31,Deane Williams
Patrick Smith Jr,Manchester Basketball,0,Patrick Smith Jr
Max Jones,Manchester Basketball,2,Max Jones
Zak Irvin,Manchester Basketball,7,Zak Irvin
Kaiyem Cleary,Manchester Basketball,9,Kaiyem Cleary
Matthew Nicholson,Manchester Basketball,34,Matthew Nicholson
Kyle Carey,Manchester Basketball,1,Kyle Carey
Oluwademilade Babalola,Manchester Basketball,10/3,Oluwademilade Babalola
Cody John,Manchester Basketball,5,Cody John
Luca Lara-Sanchez,Manchester Basketball,10,Luca Lara-Sanchez
Jordan Johnson,Manchester Basketball,11,Jordan Johnson
Kayne Henry,Manchester Basketball,13,Kayne Henry
Oluwaseyi Adetukasi,Manchester Basketball,22,Oluwaseyi Adetukasi
Judson Martindale,Manchester Basketball,33,Judson Martindale
Michael Diggins,Cheshire Phoenix,2,Michael Diggins
Laquincy Rideau,Cheshire Phoenix,3,Laquincy Rideau
Tobias Cameron,Cheshire Phoenix,11,Tobias Cameron
Jaxon Brenchley,Cheshire Phoenix,23,Jaxon Brenchley
Skyler White,Cheshire Phoenix,99,Skyler White
Greg Wild,Cheshire Phoenix,1,Greg Wild
Frankie Policelli,Cheshire Phoenix,5,Frankie Policelli
Lukasz Paradysz,Cheshire Phoenix,6,Lukasz Paradysz
Damiri Lindo,Cheshire Phoenix,9,Damiri Lindo
Patrick Robinson,Cheshire Phoenix,13,Patrick Robinson
Rafi Pierre-Louis,Cheshire Phoenix,15,Rafi Pierre-Louis
Matthew Zona,Cheshire Phoenix,24,Matthew Zona
Totonitoluwa Fagbenle,Caledonia Gladiators,11,Totonitoluwa Fagbenle
Daylen Williams,Caledonia Gladiators,15,Daylen Williams
Charles Jet Speelman,Caledonia Gladiators,22,Charles Jet Speelman
Ethan Wright,Caledonia Gladiators,40,Ethan Wright
Kevin Allen,Caledonia Gladiators,0,Kevin Allen
Cael Sweeney,Caledonia Gladiators,4,Cael Sweeney
Jamie Adair,Caledonia Gladiators,2/3/5,Jamie Adair
Kyle Jimenez,Caledonia Gladiators,6,Kyle Jimenez
Fraser Malcolm,Caledonia Gladiators,7,Fraser Malcolm
Daniel Carr,Caledonia Gladiators,14,Daniel Carr
Matthew Ragsdale,Caledonia Gladiators,24,Matthew Ragsdale
Josh Ward-Hibbert,Newcastle Eagles,2,Josh Ward-Hibbert
Ray'sean Taylor,Newcastle Eagles,3,Ray'sean Taylor
Cole Long,Newcastle Eagles,15,Cole Long
Brett Reed,Newcastle Eagles,24,Brett Reed
Marco Anthony,Newcastle Eagles,25,Marco Anthony
Sauveur Kande,Newcastle Eagles,9,Sauveur Kande
Maceo Jack,Newcastle Eagles,14,Maceo Jack
Emmanuel Kanwei,Newcastle Eagles,21,Emmanuel Kanwei
Mitch Clarke,Newcastle Eagles,41,Mitch Clarke
Malcolm Smith,Newcastle Eagles,45,Malcolm Smith
Mohammad Al-Amin Abdul Adamu,London Lions,5,Mohammad Al-Amin Abdul Adamu; Amin Adamu
Olutomiwa Sulaiman,Leicester Riders,10,Olutomiwa Sulaiman; Tomiwa Sulaiman
Isiah Small,Surrey 89ers,0,Isiah Small
Owen Koonce,Surrey 89ers,1,Owen Koonce
Ronald Polite Iii,Surrey 89ers,7,Ronald Polite Iii
Kino Lily Jr,Surrey 89ers,12,Kino Lily Jr
Michael Graham,Surrey 89ers,21,Michael Graham
Andrew Lawrence,Surrey 89ers,4,Andrew Lawrence
Kareem Queeley,Surrey 89ers,11,Kareem Queeley
Tayo Ogedengbe,Surrey 89ers,15,Tayo Ogedengbe
Nedas Cholevinskas,Surrey 89ers,17,Nedas Cholevinskas
Timothy Nwanko,Surrey 89ers,19,Timothy Nwanko
Haydn Ling,Surrey 89ers,55,Haydn Ling
Raequan Battle,Leicester Riders,21/7,Raequan Battle
Ria'n Holland,Caledonia Gladiators,10,Rian Holland; Ria'n Holland
Gabriel Osbuhein,Manchester Basketball,3,Gabriel Osbuhein
Michael Akintomide Akinsiku,Leicester Riders,0/5,Michael Akintomide Akinsiku
Karolis Lukosiunas,London Lions,16,Karolis Lukosiunas
Matthew Goodwin,London Lions,55,Matthew Goodwin
Aaron Menzies,Leicester Riders,12,Aaron Menzies
Donald Carey Jr,Leicester Riders,13,Donald Carey Jr
Deion Hammond,Newcastle Eagles,8,Deion Hammond
Darius Defoe,Newcastle Eagles,13,Darius Defoe
Chasson Jermar Randle,London Lions,2,Chasson Jermar Randle
Gus Okafor,Newcastle Eagles,99,Gus Okafor
Andrew Michael Gordon,Caledonia Gladiators,33/38,Andrew Michael Gordon
Ryan Mikesell,London Lions,11,Ryan Mikesell
Marc Loving,Leicester Riders,2,Marc Loving
Joshua Smith-White,Surrey 89ers,33/44,Joshua Smith-White
Maximilian Coupe,Surrey 89ers,33/44,Maximilian Coupe
Lloyd Alvin Bryan Jr,Caledonia Gladiators,56,Lloyd Alvin Bryan Jr
Dwaine Jones Jr,Caledonia Gladiators,5,Dwaine Jones Jr
Malcolm Delpeche,Caledonia Gladiators,15,Malcolm Delpeche
Terrell Burden Jr,Newcastle Eagles,1,Terrell Burden Jr
Di-Jani Parkinson,Surrey 89ers,9,Di-Jani Parkinson
Tyrin Lawrence,Surrey 89ers,10/33,Tyrin Lawrence
Johnathan Williams,London Lions,13,Johnathan Williams; Jonathan Williams
Evan Walshe,Bristol Flyers,77,Evan Walshe
Nino Satha,Caledonia Gladiators,4,Nino Satha
Nigel Hawkins,London Lions,8,Nigel Hawkins
Chaundee Brown Jr,London Lions,15,Chaundee Brown Jr
Timothy Nwankwo,Surrey 89ers,19,Timothy Nwankwo
Gabriel Osabuohien,Manchester Basketball,3,Gabriel Osabuohien
Cameron Christon,Bristol Flyers,1,Cameron Christon
Terrell Burden,Newcastle Eagles,1,Terrell Burden
